zn,fe,cu,mn,b,s,district_name,zn_adequate,fe_adequate,cu_adequate,mn_adequate,b_adequate,s_adequate,soil_quality_index
67.67,65.14,91.88,77.7,73.54,85.9,Anantapur,1,1,1,1,1,1,1.0
80.51,78.19,99.77,91.82,89.04,88.62,Chittoor,1,1,1,1,1,1,1.0
79.27,88.14,95.54,97.24,88.05,95.67,East Godavari,1,1,1,1,1,1,1.0
58.3,71.16,98.86,91.4,86.15,86.81,Guntur,1,1,1,1,1,1,1.0
78.62,82.02,98.05,95.23,65.78,98.56,Krishna,1,1,1,1,1,1,1.0
60.7,48.45,97.47,91.34,92.75,96.05,Kurnool,1,0,1,1,1,1,0.8333333333333334
40.66,59.14,94.65,82.17,73.99,69.54,Prakasam,0,1,1,1,1,1,0.8333333333333334
39.58,55.37,80.72,79.83,77.23,87.61,Nellore,0,1,1,1,1,1,0.8333333333333334
81.05,75.77,98.85,91.31,96.76,94.45,Srikakulam,1,1,1,1,1,1,1.0
58.7,64.93,96.44,78.35,85.4,88.29,Visakhapatanam,1,1,1,1,1,1,1.0
61.6,93.71,95.22,98.34,79.43,87.59,Vizianagaram,1,1,1,1,1,1,1.0
67.36,87.69,96.54,96.76,87.74,88.24,West Godavari,1,1,1,1,1,1,1.0
68.61,67.42,92.82,92.72,71.8,86.46,Y.S.R.,1,1,1,1,1,1,1.0
71.52,98.79,93.03,99.7,100.0,0.3,Nicobars,1,1,1,1,1,0,0.8333333333333334
93.36,100.0,83.19,100.0,90.78,0.23,North And Middle Andaman,1,1,1,1,1,0,0.8333333333333334
80.0,99.59,81.28,98.68,99.34,0.5,South Andamans,1,1,1,1,1,0,0.8333333333333334
65.1,99.89,81.62,91.86,,71.25,Anjaw,1,1,1,1,0,1,0.8333333333333334
0.0,100.0,66.67,100.0,,100.0,Changlang,0,1,1,1,0,1,0.6666666666666666
57.72,99.45,92.05,94.33,0.0,90.59,Dibang Valley,1,1,1,1,0,1,0.8333333333333334
67.76,99.8,71.78,45.95,,7.96,East Kameng,1,1,1,0,0,0,0.5
35.68,100.0,80.54,51.63,,99.46,East Siang,0,1,1,1,0,1,0.6666666666666666
44.44,88.89,25.0,100.0,33.33,66.67,Kra Daadi,0,1,0,1,0,1,0.5
76.94,100.0,82.11,93.97,0.0,21.77,Kurung Kumey,1,1,1,1,0,0,0.6666666666666666
67.3,98.07,86.61,87.35,100.0,39.16,Lohit,1,1,1,1,1,0,0.8333333333333334
48.09,99.49,91.15,75.37,,69.45,Lower Dibang Valley,0,1,1,1,0,1,0.6666666666666666
50.0,100.0,50.0,100.0,0.0,0.0,Lower Subansiri,1,1,1,1,0,0,0.6666666666666666
100.0,100.0,100.0,90.91,,100.0,Namsai,1,1,1,1,0,1,0.8333333333333334
63.77,91.62,84.68,50.74,0.0,15.61,Papum Pare,1,1,1,1,0,0,0.6666666666666666
100.0,100.0,100.0,100.0,0.0,100.0,Tawang,1,1,1,1,0,1,0.8333333333333334
84.0,100.0,90.67,65.88,,100.0,Tirap,1,1,1,1,0,1,0.8333333333333334
45.23,99.84,91.82,66.12,100.0,96.44,Upper Siang,0,1,1,1,1,1,0.8333333333333334
41.8,100.0,60.58,53.48,,0.26,Upper Subansiri,0,1,1,1,0,0,0.5
93.44,100.0,80.33,91.26,,1.64,West Kameng,1,1,1,1,0,0,0.6666666666666666
43.52,97.98,89.57,76.11,,69.94,West Siang,0,1,1,1,0,1,0.6666666666666666
65.1,98.14,99.63,90.41,2.99,88.56,Baksa,1,1,1,1,0,1,0.8333333333333334
89.47,97.73,99.66,95.84,29.56,85.47,Barpeta,1,1,1,1,0,1,0.8333333333333334
93.58,99.98,99.55,99.47,0.92,98.41,Biswanath,1,1,1,1,0,1,0.8333333333333334
99.79,99.53,99.96,87.64,0.92,99.63,Bongaigaon,1,1,1,1,0,1,0.8333333333333334
89.85,99.55,99.98,99.59,0.06,99.59,Cachar,1,1,1,1,0,1,0.8333333333333334
99.9,99.95,98.94,90.71,3.42,98.22,Charaideo,1,1,1,1,0,1,0.8333333333333334
99.96,99.91,100.0,93.21,1.65,99.78,Chirang,1,1,1,1,0,1,0.8333333333333334
85.73,99.41,99.24,98.64,7.77,96.98,Darrang,1,1,1,1,0,1,0.8333333333333334
99.7,99.49,99.94,87.86,3.99,98.04,Dhemaji,1,1,1,1,0,1,0.8333333333333334
98.36,99.98,99.98,99.17,0.06,99.86,Dhubri,1,1,1,1,0,1,0.8333333333333334
97.05,98.14,99.88,90.46,4.51,99.04,Dibrugarh,1,1,1,1,0,1,0.8333333333333334
100.0,100.0,100.0,100.0,0.0,100.0,Dima Hasao,1,1,1,1,0,1,0.8333333333333334
71.28,99.6,99.97,99.68,1.41,96.49,Goalpara,1,1,1,1,0,1,0.8333333333333334
97.42,99.91,99.98,99.77,0.48,99.52,Golaghat,1,1,1,1,0,1,0.8333333333333334
97.0,99.99,100.0,99.91,0.0,99.99,Hailakandi,1,1,1,1,0,1,0.8333333333333334
98.32,84.0,56.33,97.57,61.09,97.49,Hojai,1,1,1,1,1,1,1.0
97.6,99.96,99.99,99.38,1.97,99.22,Jorhat,1,1,1,1,0,1,0.8333333333333334
64.95,99.04,99.56,83.13,0.32,99.74,Kamrup,1,1,1,1,0,1,0.8333333333333334
99.88,99.97,100.0,99.94,0.15,99.94,Kamrup Metro,1,1,1,1,0,1,0.8333333333333334
96.0,99.57,99.86,99.62,3.86,93.62,Karbi Anglong,1,1,1,1,0,1,0.8333333333333334
98.64,99.78,99.95,99.24,0.08,99.88,Karimganj,1,1,1,1,0,1,0.8333333333333334
98.82,99.79,99.97,92.38,0.89,98.5,Kokrajhar,1,1,1,1,0,1,0.8333333333333334
94.14,97.49,97.61,89.17,7.87,88.81,Lakhimpur,1,1,1,1,0,1,0.8333333333333334
52.57,99.89,100.0,93.19,0.17,98.34,Majuli,1,1,1,1,0,1,0.8333333333333334
88.15,99.68,99.1,96.26,0.39,96.56,Marigaon,1,1,1,1,0,1,0.8333333333333334
99.68,99.69,98.98,88.74,4.43,99.8,Nagaon,1,1,1,1,0,1,0.8333333333333334
90.4,99.98,100.0,99.91,0.23,99.88,Nalbari,1,1,1,1,0,1,0.8333333333333334
98.84,99.52,99.94,90.47,1.91,98.39,Sivasagar,1,1,1,1,0,1,0.8333333333333334
99.85,99.9,99.97,95.47,0.08,99.92,Sonitpur,1,1,1,1,0,1,0.8333333333333334
98.55,99.96,100.0,99.71,0.04,99.96,South Salmara Mancachar,1,1,1,1,0,1,0.8333333333333334
99.93,99.9,99.97,89.28,0.77,99.9,Tinsukia,1,1,1,1,0,1,0.8333333333333334
85.04,99.95,99.88,99.12,2.42,98.74,Udalguri,1,1,1,1,0,1,0.8333333333333334
87.7,89.78,90.04,89.83,0.02,35.91,Araria,1,1,1,1,0,0,0.6666666666666666
69.61,77.58,78.21,77.69,0.12,3.92,Arwal,1,1,1,1,0,0,0.6666666666666666
98.48,98.59,99.0,98.54,0.43,0.37,Aurangabad,1,1,1,1,0,0,0.6666666666666666
0.09,0.12,0.12,0.09,0.15,0.03,Banka,0,0,0,0,0,0,0.0
86.9,86.13,87.39,87.07,0.03,23.12,Begusarai,1,1,1,1,0,0,0.6666666666666666
0.15,0.0,0.17,0.16,0.16,0.16,Bhagalpur,0,0,0,0,0,0,0.0
95.72,93.84,99.26,97.19,1.79,2.25,Bhojpur,1,1,1,1,0,0,0.6666666666666666
0.0,0.04,0.07,0.07,0.07,0.07,Buxar,0,0,0,0,0,0,0.0
96.83,97.1,98.13,95.52,2.8,19.4,Darbhanga,1,1,1,1,0,0,0.6666666666666666
99.71,99.51,99.75,99.65,2.28,2.86,Gaya,1,1,1,1,0,0,0.6666666666666666
58.95,94.74,100.0,96.84,64.21,84.21,Gopalganj,1,1,1,1,1,1,1.0
95.22,88.07,99.28,98.27,0.85,0.21,Jamui,1,1,1,1,0,0,0.6666666666666666
91.22,97.13,99.18,96.17,2.68,0.03,Jehanabad,1,1,1,1,0,0,0.6666666666666666
50.0,50.0,100.0,100.0,0.0,50.0,Kaimur (Bhabua),1,1,1,1,0,1,0.8333333333333334
94.15,92.85,94.45,94.0,0.3,5.18,Katihar,1,1,1,1,0,0,0.6666666666666666
34.38,32.81,96.88,35.09,91.07,39.29,Khagaria,0,0,1,0,1,0,0.3333333333333333
69.11,99.59,95.93,83.27,54.07,11.79,Kishanganj,1,1,1,1,1,0,0.8333333333333334
3.04,4.22,6.39,6.94,3.12,7.04,Lakhisarai,0,0,0,0,0,0,0.0
26.42,53.34,55.18,53.72,0.12,8.44,Madhepura,0,1,1,1,0,0,0.5
96.86,92.36,98.37,94.68,7.96,14.22,Madhubani,1,1,1,1,0,0,0.6666666666666666
6.43,5.85,6.45,6.43,0.03,0.03,Munger,0,0,0,0,0,0,0.0
83.3,95.18,99.34,92.08,0.15,0.21,Muzaffarpur,1,1,1,1,0,0,0.6666666666666666
17.52,23.06,31.45,18.84,6.11,24.58,Nalanda,0,0,0,0,0,0,0.0
97.25,98.45,99.66,99.38,0.41,0.52,Nawada,1,1,1,1,0,0,0.6666666666666666
66.0,80.76,81.41,72.56,0.37,0.16,Pashchim Champaran,1,1,1,1,0,0,0.6666666666666666
83.1,87.06,94.84,85.05,4.08,5.63,Patna,1,1,1,1,0,0,0.6666666666666666
7.11,8.13,8.91,7.72,0.54,6.46,Purbi Champaran,0,0,0,0,0,0,0.0
35.58,97.87,98.07,83.59,0.84,0.63,Purnia,0,1,1,1,0,0,0.5
1.05,2.19,2.34,2.2,1.86,1.62,Rohtas,0,0,0,0,0,0,0.0
0.13,0.32,0.34,0.28,0.18,5.96,Saharsa,0,0,0,0,0,0,0.0
3.67,4.28,4.34,4.26,2.23,24.84,Samastipur,0,0,0,0,0,0,0.0
93.31,94.77,98.84,99.71,74.13,94.19,Saran,1,1,1,1,1,1,1.0
0.25,0.27,0.5,0.43,0.21,0.14,Sheikhpura,0,0,0,0,0,0,0.0
0.11,0.23,0.0,0.11,0.23,0.11,Sheohar,0,0,0,0,0,0,0.0
98.35,99.85,99.9,99.9,0.83,0.93,Sitamarhi,1,1,1,1,0,0,0.6666666666666666
34.69,53.06,97.96,63.83,57.14,91.84,Siwan,0,1,1,1,1,1,0.8333333333333334
53.92,49.26,98.28,61.1,67.89,88.48,Supaul,1,0,1,1,1,1,0.8333333333333334
0.11,0.12,0.3,0.17,0.18,0.27,Vaishali,0,0,0,0,0,0,0.0
38.63,96.84,99.18,97.14,52.95,44.16,Balod,0,1,1,1,1,0,0.6666666666666666
31.23,78.04,99.61,96.29,49.84,89.06,Baloda Bazar,0,1,1,1,0,1,0.6666666666666666
88.95,98.74,99.88,97.88,82.22,96.2,Balrampur,1,1,1,1,1,1,1.0
36.75,90.97,92.5,95.56,21.93,18.83,Bastar,0,1,1,1,0,0,0.5
93.23,91.06,99.9,98.57,62.25,36.95,Bemetara,1,1,1,1,1,0,0.8333333333333334
97.25,96.47,98.79,90.82,88.09,94.71,Bijapur,1,1,1,1,1,1,1.0
74.54,96.48,98.45,93.32,86.97,88.01,Bilaspur,1,1,1,1,1,1,1.0
39.61,89.64,92.59,95.23,88.53,47.49,Dantewada,0,1,1,1,1,0,0.6666666666666666
64.33,98.73,99.75,99.32,69.54,26.57,Dhamtari,1,1,1,1,1,0,0.8333333333333334
68.84,84.13,99.58,97.55,63.75,54.74,Durg,1,1,1,1,1,1,1.0
53.4,89.19,94.29,95.76,80.07,55.91,Gariyaband,1,1,1,1,1,1,1.0
39.6,82.05,95.02,94.06,48.95,88.32,Janjgir-Champa,0,1,1,1,0,1,0.6666666666666666
31.08,64.91,93.67,91.81,74.86,39.35,Jashpur,0,1,1,1,1,0,0.6666666666666666
74.1,95.05,99.22,95.23,99.35,18.39,Kabirdham,1,1,1,1,1,0,0.8333333333333334
12.1,98.47,99.09,99.21,57.79,95.51,Kanker,0,1,1,1,1,1,0.8333333333333334
32.36,80.06,59.83,85.38,39.43,88.4,Kondagaon,0,1,1,1,0,1,0.6666666666666666
16.74,87.46,96.15,92.08,84.69,38.97,Korba,0,1,1,1,1,0,0.6666666666666666
76.44,98.07,95.98,98.87,95.73,58.62,Korea,1,1,1,1,1,1,1.0
77.75,98.64,99.74,99.7,94.72,60.79,Mahasamund,1,1,1,1,1,1,1.0
75.27,83.78,98.42,98.03,95.78,74.73,Mungeli,1,1,1,1,1,1,1.0
54.34,91.47,90.01,94.74,66.24,90.13,Narayanpur,1,1,1,1,1,1,1.0
67.77,99.22,98.38,98.72,97.08,35.89,Raigarh,1,1,1,1,1,0,0.8333333333333334
65.03,98.28,99.73,99.71,78.16,83.21,Raipur,1,1,1,1,1,1,1.0
52.85,77.0,90.06,97.27,51.48,75.2,Rajnandgaon,1,1,1,1,1,1,1.0
7.7,68.53,76.32,96.92,8.42,7.08,Sukma,0,1,1,1,0,0,0.5
72.95,98.58,99.57,99.76,95.55,99.07,Surajpur,1,1,1,1,1,1,1.0
50.76,82.93,95.11,99.05,72.22,83.18,Surguja,1,1,1,1,1,1,1.0
65.2,99.51,100.0,94.79,29.02,57.75,North Goa,1,1,1,1,0,1,0.8333333333333334
85.02,99.66,97.98,98.98,45.9,20.9,South Goa,1,1,1,1,0,0,0.6666666666666666
72.52,82.68,95.38,94.01,40.49,86.34,Ahmadabad,1,1,1,1,0,1,0.8333333333333334
62.5,55.13,88.42,88.35,38.23,83.34,Amreli,1,1,1,1,0,1,0.8333333333333334
63.79,72.95,98.15,98.04,59.01,87.92,Anand,1,1,1,1,1,1,1.0
74.36,78.64,97.76,98.59,67.0,72.19,Aravalli,1,1,1,1,1,1,1.0
83.48,67.8,95.33,99.7,68.68,86.04,Banas Kantha,1,1,1,1,1,1,1.0
62.44,81.53,93.67,99.64,63.43,71.56,Bharuch,1,1,1,1,1,1,1.0
51.38,57.63,91.79,96.95,30.24,70.07,Bhavnagar,1,1,1,1,0,1,0.8333333333333334
14.98,90.56,95.68,98.81,36.05,98.14,Botad,0,1,1,1,0,1,0.6666666666666666
78.63,94.98,96.66,99.27,72.01,78.75,Chhotaudepur,1,1,1,1,1,1,1.0
47.54,73.8,99.31,95.87,76.24,60.87,Dahod,0,1,1,1,1,1,0.8333333333333334
97.32,99.47,97.86,100.0,86.35,64.12,Dang,1,1,1,1,1,1,1.0
80.37,94.15,97.22,95.82,39.38,93.75,Devbhumidwarka,1,1,1,1,0,1,0.8333333333333334
91.68,93.95,98.05,99.86,94.66,61.0,Gandhinagar,1,1,1,1,1,1,1.0
38.62,89.98,80.32,80.85,26.04,91.23,Girsomnath,0,1,1,1,0,1,0.6666666666666666
70.47,90.2,98.82,93.64,40.45,85.63,Jamnagar,1,1,1,1,0,1,0.8333333333333334
30.26,61.46,77.23,74.79,2.1,99.58,Junagadh,0,1,1,1,0,1,0.6666666666666666
66.26,44.82,86.88,75.77,1.66,97.09,Kachchh,1,0,1,1,0,1,0.6666666666666666
65.87,81.8,94.29,99.74,61.5,40.66,Kheda,1,1,1,1,1,0,0.8333333333333334
95.36,62.78,99.04,99.54,24.49,98.45,Mahesana,1,1,1,1,0,1,0.8333333333333334
56.48,95.8,98.79,99.88,90.33,55.8,Mahisagar,1,1,1,1,1,1,1.0
92.07,70.59,91.52,99.97,13.14,49.62,Morbi,1,1,1,1,0,0,0.6666666666666666
66.12,93.77,99.72,99.75,88.52,85.75,Narmada,1,1,1,1,1,1,1.0
80.39,90.45,96.39,98.72,77.48,69.29,Navsari,1,1,1,1,1,1,1.0
45.49,81.67,84.29,99.76,78.73,19.63,Panch Mahals,0,1,1,1,1,0,0.6666666666666666
90.69,63.28,98.07,99.45,79.44,67.87,Patan,1,1,1,1,1,1,1.0
44.1,29.26,90.14,57.15,34.19,74.87,Porbandar,0,0,1,1,0,1,0.5
52.45,64.98,94.49,98.94,10.34,67.24,Rajkot,1,1,1,1,0,1,0.8333333333333334
82.52,90.19,90.92,99.61,59.09,88.17,Sabar Kantha,1,1,1,1,1,1,1.0
81.17,85.54,98.07,99.59,41.85,89.64,Surat,1,1,1,1,0,1,0.8333333333333334
82.03,56.06,92.83,96.52,19.64,89.99,Surendranagar,1,1,1,1,0,1,0.8333333333333334
75.53,85.34,95.91,100.0,55.94,85.13,Tapi,1,1,1,1,1,1,1.0
66.5,91.05,96.94,99.21,92.01,80.05,Vadodara,1,1,1,1,1,1,1.0
57.58,97.85,92.41,99.13,73.1,87.79,Valsad,1,1,1,1,1,1,1.0
72.88,77.74,93.46,30.2,65.71,76.54,Ambala,1,1,1,0,1,1,0.8333333333333334
45.72,43.1,93.0,44.05,56.88,89.85,Bhiwani,0,0,1,0,1,1,0.5
98.14,97.29,100.0,98.96,100.0,99.91,Faridabad,1,1,1,1,1,1,1.0
66.22,32.78,94.65,37.76,68.55,89.88,Fatehabad,1,0,1,0,1,1,0.6666666666666666
78.53,78.73,94.55,74.95,36.91,94.29,Gurgaon,1,1,1,1,0,1,0.8333333333333334
69.12,43.55,97.54,70.92,70.44,97.31,Hisar,1,0,1,1,1,1,0.8333333333333334
59.61,60.73,93.92,60.81,40.16,90.49,Jhajjar,1,1,1,1,0,1,0.8333333333333334
72.28,82.34,98.8,67.59,42.83,91.78,Jind,1,1,1,1,0,1,0.8333333333333334
61.93,58.42,98.94,26.62,52.0,88.85,Kaithal,1,1,1,0,1,1,0.8333333333333334
89.55,85.35,98.13,72.54,59.71,95.61,Karnal,1,1,1,1,1,1,1.0
86.17,85.56,98.45,59.29,65.96,91.62,Kurukshetra,1,1,1,1,1,1,1.0
68.6,32.14,95.04,82.33,47.59,83.19,Mahendragarh,1,0,1,1,0,1,0.6666666666666666
79.35,73.38,93.67,75.53,93.94,88.05,Nuh,1,1,1,1,1,1,1.0
59.97,59.86,96.86,50.48,54.75,88.34,Palwal,1,1,1,1,1,1,1.0
93.87,95.04,99.23,80.65,34.54,97.1,Panchkula,1,1,1,1,0,1,0.8333333333333334
69.93,83.33,98.96,65.86,66.15,96.68,Panipat,1,1,1,1,1,1,1.0
78.99,71.13,94.85,72.25,57.65,96.02,Rewari,1,1,1,1,1,1,1.0
43.19,62.44,93.61,57.42,47.85,84.81,Rohtak,0,1,1,1,0,1,0.6666666666666666
69.43,41.44,94.54,54.04,69.78,94.47,Sirsa,1,0,1,1,1,1,0.8333333333333334
82.77,37.68,98.02,35.38,34.42,98.74,Sonipat,1,0,1,0,0,1,0.5
91.1,92.92,99.0,82.72,82.27,94.07,Yamunanagar,1,1,1,1,1,1,1.0
67.45,92.95,99.71,84.7,99.83,99.77,Bilaspur,1,1,1,1,1,1,1.0
96.97,87.88,100.0,100.0,100.0,66.67,Chamba,1,1,1,1,1,1,1.0
92.8,86.04,90.88,89.18,96.23,87.97,Hamirpur,1,1,1,1,1,1,1.0
98.35,89.1,98.51,97.77,95.98,75.26,Kangra,1,1,1,1,1,1,1.0
93.49,71.97,99.89,64.48,100.0,99.23,Kinnaur,1,1,1,1,1,1,1.0
87.49,84.62,97.37,79.66,90.31,91.07,Kullu,1,1,1,1,1,1,1.0
92.09,88.79,99.06,75.76,97.0,91.71,Lahul And Spiti,1,1,1,1,1,1,1.0
83.11,99.64,98.42,75.93,17.5,98.3,Mandi,1,1,1,1,0,1,0.8333333333333334
95.02,97.16,98.23,89.73,72.73,37.5,Shimla,1,1,1,1,1,0,0.8333333333333334
94.9,95.15,96.93,80.02,100.0,54.55,Sirmaur,1,1,1,1,1,1,1.0
75.69,94.88,96.61,47.35,77.78,99.81,Solan,1,1,1,0,1,1,0.8333333333333334
88.79,68.01,91.46,42.69,100.0,100.0,Una,1,1,1,0,1,1,0.8333333333333334
24.73,88.43,58.17,60.05,82.35,44.83,Anantnag,0,1,1,1,1,0,0.6666666666666666
15.94,34.75,42.15,31.3,28.57,47.62,Badgam,0,0,0,0,0,0,0.0
96.94,53.9,99.01,77.29,80.0,80.0,Bandipora,1,1,1,1,1,1,1.0
86.95,97.71,99.67,71.16,10.22,80.24,Baramulla,1,1,1,1,0,1,0.8333333333333334
31.75,86.21,92.88,81.78,66.67,93.93,Doda,0,1,1,1,1,1,0.8333333333333334
68.36,50.42,93.71,47.28,69.3,2.71,Ganderbal,1,1,1,0,1,0,0.6666666666666666
91.96,97.78,97.45,54.03,76.19,83.6,Jammu,1,1,1,1,1,1,1.0
88.11,78.63,93.87,88.95,62.26,79.09,Kathua,1,1,1,1,1,1,1.0
74.2,46.32,79.12,52.56,100.0,86.23,Kishtwar,1,0,1,1,1,1,0.8333333333333334
58.93,96.41,98.21,86.16,100.0,100.0,Kulgam,1,1,1,1,1,1,1.0
53.32,31.41,71.9,22.19,62.73,77.08,Kupwara,1,0,1,0,1,1,0.6666666666666666
92.74,81.33,93.53,53.89,0.37,83.23,Poonch,1,1,1,1,0,1,0.8333333333333334
37.58,29.67,41.47,15.36,99.84,4.72,Pulwama,0,0,0,0,1,0,0.16666666666666666
82.93,5.85,38.61,39.6,93.83,88.24,Rajauri,1,0,0,0,1,1,0.5
58.69,62.61,74.5,36.95,71.43,41.97,Ramban,1,1,1,0,1,0,0.6666666666666666
64.74,65.82,71.83,62.79,22.82,19.63,Reasi,1,1,1,1,0,0,0.6666666666666666
48.18,82.1,86.32,87.45,72.73,46.07,Samba,0,1,1,1,1,0,0.6666666666666666
65.88,98.72,97.01,89.94,93.7,94.93,Shopian,1,1,1,1,1,1,1.0
75.98,74.73,98.74,43.01,64.29,33.33,Srinagar,1,1,1,0,1,0,0.6666666666666666
58.96,59.84,71.8,59.94,6.5,57.05,Udhampur,1,1,1,1,0,1,0.8333333333333334
74.39,96.4,97.84,98.74,48.27,79.44,Bokaro,1,1,1,1,0,1,0.8333333333333334
44.9,96.63,76.61,97.58,85.6,65.34,Chatra,0,1,1,1,1,1,0.8333333333333334
75.0,100.0,62.5,100.0,37.5,100.0,Deoghar,1,1,1,1,0,1,0.8333333333333334
96.34,98.38,99.51,99.35,92.8,94.55,Dhanbad,1,1,1,1,1,1,1.0
97.02,98.01,100.0,97.9,53.63,99.75,Dumka,1,1,1,1,1,1,1.0
60.4,94.39,87.45,86.58,51.99,86.51,East Singhbum,1,1,1,1,1,1,1.0
57.22,56.33,90.44,83.07,64.69,72.68,Garhwa,1,1,1,1,1,1,1.0
55.83,94.21,84.46,94.65,93.63,25.28,Giridih,1,1,1,1,1,0,0.8333333333333334
97.19,98.56,99.01,85.86,93.4,89.53,Godda,1,1,1,1,1,1,1.0
84.1,96.9,97.17,93.77,69.01,70.85,Gumla,1,1,1,1,1,1,1.0
100.0,100.0,100.0,100.0,100.0,81.98,Hazaribagh,1,1,1,1,1,1,1.0
57.43,96.26,98.46,98.93,57.69,82.54,Jamtara,1,1,1,1,1,1,1.0
84.78,97.34,96.89,99.67,61.45,85.11,Khunti,1,1,1,1,1,1,1.0
61.88,96.17,100.0,99.62,75.48,91.2,Koderma,1,1,1,1,1,1,1.0
96.55,100.0,100.0,100.0,95.65,48.22,Latehar,1,1,1,1,1,0,0.8333333333333334
80.02,85.74,89.05,76.27,80.09,48.69,Lohardaga,1,1,1,1,1,0,0.8333333333333334
95.19,89.29,99.89,92.36,47.47,86.32,Pakur,1,1,1,1,0,1,0.8333333333333334
87.82,98.78,97.13,54.44,91.23,93.67,Palamu,1,1,1,1,1,1,1.0
71.99,98.81,93.51,99.77,70.3,78.51,Ranchi,1,1,1,1,1,1,1.0
100.0,100.0,100.0,100.0,100.0,100.0,Sahebganj,1,1,1,1,1,1,1.0
75.09,82.11,95.46,75.19,64.6,63.68,Saraikela Kharsawan,1,1,1,1,1,1,1.0
60.32,99.43,99.58,99.61,66.42,99.55,Simdega,1,1,1,1,1,1,1.0
40.96,21.63,70.73,48.3,86.54,23.98,West Singhbhum,0,0,1,0,1,0,0.3333333333333333
20.38,1.73,98.15,77.13,61.21,88.79,Bagalkot,0,0,1,1,1,1,0.6666666666666666
39.28,62.04,93.94,91.55,62.07,89.42,Ballari,0,1,1,1,1,1,0.8333333333333334
33.07,39.84,82.56,85.25,12.0,30.49,Bangalore,0,0,1,1,0,0,0.3333333333333333
37.52,22.77,95.97,60.9,14.94,31.95,Belagavi,0,0,1,1,0,0,0.3333333333333333
38.86,40.15,86.26,88.01,12.03,27.68,Bengaluru Urban,0,0,1,1,0,0,0.3333333333333333
50.05,30.85,95.26,80.29,23.55,4.02,Bidar,1,0,1,1,0,0,0.5
19.36,6.96,93.39,77.45,59.04,10.37,Bijapur,0,0,1,1,1,0,0.5
20.0,22.34,91.43,85.91,84.91,78.77,Chamarajanagar,0,0,1,1,1,1,0.6666666666666666
32.65,77.13,85.89,98.87,58.08,86.22,Chikballapur,0,1,1,1,1,1,0.8333333333333334
46.47,82.4,98.01,98.01,21.41,67.0,Chikmagalur,0,1,1,1,0,1,0.6666666666666666
50.43,17.82,63.93,24.31,38.34,75.84,Chitradurga,1,0,1,0,0,1,0.5
23.55,74.88,68.32,52.02,31.75,85.33,Dakshin Kannad,0,1,1,1,0,1,0.6666666666666666
53.67,69.64,98.68,98.92,26.12,83.16,Davangere,1,1,1,1,0,1,0.8333333333333334
7.71,0.39,89.42,68.77,9.73,41.34,Dharwad,0,0,1,1,0,0,0.3333333333333333
28.76,1.48,98.88,82.99,96.63,25.27,Gadag,0,0,1,1,1,0,0.5
22.72,10.47,98.27,86.13,49.14,85.52,Gulbarga,0,0,1,1,0,1,0.5
22.52,45.4,77.38,78.35,58.88,90.69,Hassan,0,0,1,1,1,1,0.6666666666666666
9.47,58.32,96.36,98.41,3.2,14.6,Haveri,0,1,1,1,0,0,0.5
66.17,88.91,94.47,90.93,58.64,85.28,Kodagu,1,1,1,1,1,1,1.0
59.91,84.35,97.63,98.38,54.92,74.53,Kolar,1,1,1,1,1,1,1.0
32.54,81.08,96.58,96.4,92.98,73.81,Koppal,0,1,1,1,1,1,0.8333333333333334
66.18,83.66,96.03,98.12,28.35,51.6,Mandya,1,1,1,1,0,1,0.8333333333333334
52.25,42.12,93.5,79.1,63.11,94.37,Mysore,1,0,1,1,1,1,0.8333333333333334
93.32,67.84,99.83,94.38,91.76,78.02,Raichur,1,1,1,1,1,1,1.0
35.82,63.97,87.56,88.8,0.82,52.94,Ramanagara,0,1,1,1,0,1,0.6666666666666666
55.33,95.59,99.12,98.58,91.12,67.68,Shimoga,1,1,1,1,1,1,1.0
22.33,51.81,93.99,97.54,31.47,57.37,Tumkur,0,1,1,1,0,1,0.6666666666666666
63.56,95.84,95.04,71.3,23.69,47.79,Udupi,1,1,1,1,0,0,0.6666666666666666
53.36,98.49,95.74,91.97,5.15,65.55,Uttar Kannad,1,1,1,1,0,1,0.8333333333333334
28.41,22.28,95.13,87.06,54.47,87.23,Yadgir,0,0,1,1,1,1,0.6666666666666666
98.41,99.03,98.72,92.51,31.26,78.07,Alappuzha,1,1,1,1,0,1,0.8333333333333334
95.07,98.08,98.75,88.73,45.41,59.15,Ernakulam,1,1,1,1,0,1,0.8333333333333334
93.52,97.3,99.18,93.89,78.42,83.31,Idukki,1,1,1,1,1,1,1.0
94.01,99.35,98.61,97.62,37.81,48.04,Kannur,1,1,1,1,0,0,0.6666666666666666
74.08,86.1,83.88,84.76,10.21,21.08,Kasaragod,1,1,1,1,0,0,0.6666666666666666
95.0,99.38,98.78,96.77,68.7,75.94,Kollam,1,1,1,1,1,1,1.0
95.18,96.04,99.41,96.59,54.12,73.96,Kottayam,1,1,1,1,1,1,1.0
86.9,98.37,91.15,94.68,42.2,42.04,Kozhikode,1,1,1,1,0,0,0.6666666666666666
97.98,99.87,99.94,99.51,79.74,73.59,Malappuram,1,1,1,1,1,1,1.0
95.61,99.36,99.94,99.06,28.81,63.32,Palakkad,1,1,1,1,0,1,0.8333333333333334
96.94,96.58,64.17,96.38,43.51,14.06,Pathanamthitta,1,1,1,1,0,0,0.6666666666666666
91.21,97.07,94.3,94.48,50.94,70.38,Thiruvananthapuram,1,1,1,1,1,1,1.0
93.46,98.62,97.98,97.2,74.74,84.18,Thrissur,1,1,1,1,1,1,1.0
89.37,98.21,99.39,98.04,22.94,8.41,Wayanad,1,1,1,1,0,0,0.6666666666666666
76.29,76.66,94.18,66.97,36.84,19.14,Kargil,1,1,1,1,0,0,0.6666666666666666
54.56,74.44,93.76,68.44,61.95,88.94,Leh,1,1,1,1,1,1,1.0
40.81,62.47,81.13,79.29,58.42,52.13,Agar Malwa,0,1,1,1,1,1,0.8333333333333334
43.17,48.36,81.26,66.3,65.82,55.67,Alirajpur,0,0,1,1,1,1,0.6666666666666666
52.86,96.04,89.58,98.95,43.88,94.64,Anuppur,1,1,1,1,0,1,0.8333333333333334
52.47,71.15,81.4,98.64,43.62,98.04,Ashoknagar,1,1,1,1,0,1,0.8333333333333334
83.63,99.21,98.43,99.62,89.32,96.97,Balaghat,1,1,1,1,1,1,1.0
84.7,54.12,98.26,68.89,87.44,74.4,Barwani,1,1,1,1,1,1,1.0
19.41,86.57,95.22,99.53,60.08,44.52,Betul,0,1,1,1,1,0,0.6666666666666666
8.27,91.87,97.87,98.25,58.36,55.15,Bhind,0,1,1,1,1,1,0.8333333333333334
77.06,78.65,98.12,97.18,94.53,89.02,Bhopal,1,1,1,1,1,1,1.0
45.15,36.84,87.5,72.4,61.57,51.24,Burhanpur,0,0,1,1,1,1,0.6666666666666666
54.96,32.61,91.89,50.74,64.88,74.74,Chhatarpur,1,0,1,1,1,1,0.8333333333333334
68.93,70.38,97.36,89.89,85.94,83.25,Chhindwara,1,1,1,1,1,1,1.0
78.8,77.32,94.15,88.45,76.7,83.85,Damoh,1,1,1,1,1,1,1.0
59.76,58.89,93.09,84.48,77.83,92.99,Datia,1,1,1,1,1,1,1.0
49.56,84.77,99.53,97.61,65.91,79.7,Dewas,0,1,1,1,1,1,0.8333333333333334
59.3,64.69,87.9,63.6,71.23,55.21,Dhar,1,1,1,1,1,1,1.0
41.35,98.31,99.97,98.61,96.14,89.4,Dindori,0,1,1,1,1,1,0.8333333333333334
68.86,94.72,99.94,98.78,82.26,90.72,East Nimar,1,1,1,1,1,1,1.0
34.16,85.41,98.74,77.06,77.97,91.13,Guna,0,1,1,1,1,1,0.8333333333333334
48.4,69.77,93.71,93.38,70.84,86.39,Gwalior,0,1,1,1,1,1,0.8333333333333334
95.81,98.4,99.54,99.75,96.11,95.68,Harda,1,1,1,1,1,1,1.0
54.42,85.04,95.67,97.62,72.92,62.58,Hoshangabad,1,1,1,1,1,1,1.0
69.1,78.75,96.84,95.21,88.41,84.17,Indore,1,1,1,1,1,1,1.0
76.48,77.05,96.57,90.17,98.13,84.13,Jabalpur,1,1,1,1,1,1,1.0
75.81,95.55,99.65,99.51,80.52,83.97,Jhabua,1,1,1,1,1,1,1.0
50.6,95.45,95.58,95.82,70.62,92.06,Katni,1,1,1,1,1,1,1.0
58.98,25.01,85.83,74.25,82.42,78.17,Khargone,1,0,1,1,1,1,0.8333333333333334
33.31,97.69,90.32,93.47,56.35,91.13,Mandla,0,1,1,1,1,1,0.8333333333333334
74.69,70.26,95.36,74.01,87.15,87.82,Mandsaur,1,1,1,1,1,1,1.0
60.12,92.51,95.31,98.7,83.94,57.19,Morena,1,1,1,1,1,1,1.0
62.81,63.2,96.58,89.0,79.96,73.47,Narsinghpur,1,1,1,1,1,1,1.0
19.36,76.26,99.98,99.91,24.51,0.49,Neemuch,0,1,1,1,0,0,0.5
82.0,98.52,98.96,99.51,66.92,94.79,Panna,1,1,1,1,1,1,1.0
65.88,67.97,93.97,79.09,80.93,56.77,Raisen,1,1,1,1,1,1,1.0
21.6,90.57,78.41,94.79,7.93,73.68,Rajgarh,0,1,1,1,0,1,0.6666666666666666
97.67,97.58,99.17,98.76,99.0,98.93,Ratlam,1,1,1,1,1,1,1.0
55.5,55.55,91.9,85.43,94.12,90.64,Rewa,1,1,1,1,1,1,1.0
74.78,90.65,99.36,94.99,83.77,79.82,Sagar,1,1,1,1,1,1,1.0
29.58,92.84,88.66,99.19,39.77,61.47,Satna,0,1,1,1,0,1,0.6666666666666666
82.25,69.36,98.94,92.3,89.1,65.03,Sehore,1,1,1,1,1,1,1.0
41.47,82.27,96.08,90.18,50.34,84.97,Seoni,0,1,1,1,1,1,0.8333333333333334
60.46,98.42,96.39,99.05,85.06,96.13,Shahdol,1,1,1,1,1,1,1.0
47.1,63.44,76.94,93.9,57.66,70.49,Shajapur,0,1,1,1,1,1,0.8333333333333334
51.71,89.87,91.61,99.55,68.76,74.63,Sheopur,1,1,1,1,1,1,1.0
68.31,87.91,87.93,70.96,62.79,66.39,Shivpuri,1,1,1,1,1,1,1.0
42.04,83.07,70.16,94.17,56.53,41.68,Sidhi,0,1,1,1,1,0,0.6666666666666666
86.31,60.23,95.59,71.22,59.83,32.36,Singrauli,1,1,1,1,1,0,0.8333333333333334
70.33,99.2,96.69,99.6,73.24,99.77,Tikamgarh,1,1,1,1,1,1,1.0
36.56,53.44,91.16,95.28,62.21,61.2,Ujjain,0,1,1,1,1,1,0.8333333333333334
49.74,71.37,98.26,95.05,97.89,87.28,Umaria,0,1,1,1,1,1,0.8333333333333334
67.67,87.68,97.2,89.91,88.69,68.09,Vidisha,1,1,1,1,1,1,1.0
46.99,22.65,97.92,80.07,52.12,58.56,Ahmednagar,0,0,1,1,1,1,0.6666666666666666
29.45,27.58,99.89,99.82,35.21,3.93,Akola,0,0,1,1,0,0,0.3333333333333333
59.04,18.23,98.57,94.9,15.93,16.47,Amravati,1,0,1,1,0,0,0.5
28.16,17.04,98.49,86.72,41.61,93.8,Aurangabad,0,0,1,1,0,1,0.5
55.96,22.15,98.55,96.51,73.17,57.28,Beed,1,0,1,1,1,1,0.8333333333333334
23.79,39.56,99.39,92.65,58.3,43.52,Bhandara,0,0,1,1,1,0,0.5
46.29,23.54,99.38,98.08,75.63,58.6,Buldhana,0,0,1,1,1,1,0.6666666666666666
27.24,28.1,96.28,92.24,80.66,28.07,Chandrapur,0,0,1,1,1,0,0.5
80.35,55.15,99.98,99.58,76.1,64.32,Dhule,1,1,1,1,1,1,1.0
34.09,45.02,96.75,92.77,61.39,40.65,Gadchiroli,0,0,1,1,1,0,0.5
22.3,28.0,98.6,94.27,87.53,23.01,Gondia,0,0,1,1,1,0,0.5
59.06,68.61,99.62,97.38,54.25,16.3,Hingoli,1,1,1,1,1,0,0.8333333333333334
53.25,53.48,94.56,91.08,74.57,39.12,Jalgaon,1,1,1,1,1,0,0.8333333333333334
50.44,9.05,98.12,94.41,37.09,10.38,Jalna,1,0,1,1,0,0,0.5
70.47,60.66,98.55,90.92,56.45,61.83,Kolhapur,1,1,1,1,1,1,1.0
41.42,32.68,99.8,98.37,35.87,9.62,Latur,0,0,1,1,0,0,0.3333333333333333
16.32,6.76,98.86,90.73,69.6,19.3,Nagpur,0,0,1,1,1,0,0.5
63.63,43.8,96.26,87.38,35.31,72.09,Nanded,1,0,1,1,0,1,0.6666666666666666
67.71,77.28,99.95,98.67,43.33,42.09,Nandurbar,1,1,1,1,0,0,0.6666666666666666
68.52,34.77,99.35,90.18,37.96,69.8,Nashik,1,0,1,1,0,1,0.6666666666666666
26.05,28.75,98.43,95.89,49.82,12.17,Osmanabad,0,0,1,1,0,0,0.3333333333333333
60.86,85.76,99.98,99.88,29.93,45.1,Palghar,1,1,1,1,0,0,0.6666666666666666
51.9,50.26,82.01,96.97,45.24,17.72,Parbhani,1,1,1,1,0,0,0.6666666666666666
46.57,19.8,96.17,64.96,49.78,35.41,Pune,0,0,1,1,0,0,0.3333333333333333
81.35,71.76,99.91,99.03,30.76,57.27,Raigad,1,1,1,1,0,1,0.8333333333333334
80.2,97.37,98.72,99.76,73.08,84.61,Ratnagiri,1,1,1,1,1,1,1.0
54.88,54.98,95.81,87.42,76.54,70.21,Sangli,1,1,1,1,1,1,1.0
38.63,40.48,92.32,59.13,67.24,55.89,Satara,0,0,1,1,1,1,0.6666666666666666
66.35,97.89,97.77,99.0,34.02,43.65,Sindhudurg,1,1,1,1,0,0,0.6666666666666666
35.88,11.51,93.06,53.14,41.05,35.56,Solapur,0,0,1,1,0,0,0.3333333333333333
88.76,97.09,99.75,98.86,19.88,85.23,Thane,1,1,1,1,0,1,0.8333333333333334
16.63,5.98,96.9,82.21,42.74,30.55,Wardha,0,0,1,1,0,0,0.3333333333333333
23.71,17.1,99.86,98.61,86.48,17.59,Washim,0,0,1,1,1,0,0.5
38.44,46.54,99.07,94.6,56.17,53.81,Yavatmal,0,0,1,1,1,1,0.6666666666666666
68.72,92.82,82.56,93.85,72.31,41.54,Bishnupur,1,1,1,1,1,0,0.8333333333333334
25.0,100.0,75.0,100.0,100.0,75.0,Chandel,0,1,1,1,1,1,0.8333333333333334
0.0,100.0,33.33,100.0,100.0,33.33,Churachandpur,0,1,0,1,1,0,0.5
57.31,96.44,66.8,96.44,25.69,47.83,Imphal East,1,1,1,1,0,0,0.6666666666666666
51.55,98.97,88.66,98.97,53.61,24.74,Imphal West,1,1,1,1,1,0,0.8333333333333334
,,,,,,Senapati,0,0,0,0,0,0,0.0
,,,,,,Tamenglong,0,0,0,0,0,0,0.0
82.72,98.95,80.63,99.48,58.64,65.97,Thoubal,1,1,1,1,1,1,1.0
38.33,100.0,71.67,100.0,75.0,36.67,Ukhrul,0,1,1,1,1,0,0.6666666666666666
,,,,,100.0,East Garo Hills,0,0,0,0,0,1,0.16666666666666666
,,,,,100.0,East Jaintia Hills,0,0,0,0,0,1,0.16666666666666666
71.91,81.65,90.68,57.9,87.5,23.53,East Khasi Hills,1,1,1,1,1,0,0.8333333333333334
,,,,,100.0,North Garo Hills,0,0,0,0,0,1,0.16666666666666666
64.0,93.94,89.16,80.59,50.0,0.0,Ri Bhoi,1,1,1,1,1,0,0.8333333333333334
0.0,0.0,0.0,0.0,0.0,0.0,South Garo Hills,0,0,0,0,0,0,0.0
,,,,,,South West Garo Hills,0,0,0,0,0,0,0.0
61.29,98.16,87.88,61.9,100.0,100.0,South West Khasi Hills,1,1,1,1,1,1,1.0
,,,,,100.0,West Garo Hills,0,0,0,0,0,1,0.16666666666666666
84.48,77.59,87.93,96.55,77.59,45.16,West Jaintia Hills,1,1,1,1,1,0,0.8333333333333334
51.34,96.68,78.63,59.0,100.0,0.0,West Khasi Hills,1,1,1,1,1,0,0.8333333333333334
,,,,,100.0,Aizawl,0,0,0,0,0,1,0.16666666666666666
76.92,100.0,100.0,100.0,100.0,37.5,Champhai,1,1,1,1,1,0,0.8333333333333334
,,,,,,Kolasib,0,0,0,0,0,0,0.0
,,,,,,Lawngtlai,0,0,0,0,0,0,0.0
100.0,100.0,,,100.0,,Lunglei,1,1,0,0,1,0,0.5
,,,,,,Mamit,0,0,0,0,0,0,0.0
,,,,,,Saiha,0,0,0,0,0,0,0.0
,,,,,100.0,Serchhip,0,0,0,0,0,1,0.16666666666666666
85.95,100.0,99.65,91.29,97.12,98.28,Dimapur,1,1,1,1,1,1,1.0
27.49,100.0,80.58,94.5,,99.83,Kiphire,0,1,1,1,0,1,0.6666666666666666
49.16,99.44,76.72,86.18,,94.26,Kohima,0,1,1,1,0,1,0.6666666666666666
98.63,99.66,99.83,99.32,40.0,99.32,Longleng,1,1,1,1,0,1,0.8333333333333334
63.83,100.0,95.69,95.67,100.0,100.0,Mokokchung,1,1,1,1,1,1,1.0
68.38,99.93,99.86,93.48,0.0,100.0,Mon,1,1,1,1,0,1,0.8333333333333334
87.9,100.0,98.19,95.4,100.0,100.0,Peren,1,1,1,1,1,1,1.0
60.28,99.39,99.09,96.01,100.0,99.9,Phek,1,1,1,1,1,1,1.0
42.52,99.04,65.91,87.52,,89.83,Tuensang,0,1,1,1,0,1,0.6666666666666666
64.77,100.0,99.87,89.77,98.37,93.06,Wokha,1,1,1,1,1,1,1.0
62.64,100.0,100.0,97.34,100.0,100.0,Zunheboto,1,1,1,1,1,1,1.0
74.64,100.0,100.0,100.0,32.83,75.8,Anugul,1,1,1,1,0,1,0.8333333333333334
,,,,,85.71,Balangir,0,0,0,0,0,1,0.16666666666666666
57.04,,,,56.01,23.39,Baleshwar,1,0,0,0,1,0,0.3333333333333333
61.71,97.82,98.77,95.31,35.17,37.38,Bargarh,1,1,1,1,0,0,0.6666666666666666
100.0,80.0,100.0,100.0,80.0,92.86,Bhadrak,1,1,1,1,1,1,1.0
100.0,,,,,100.0,Boudh,1,0,0,0,0,1,0.3333333333333333
69.46,25.0,50.0,0.0,50.85,0.84,Cuttack,1,0,1,0,1,0,0.5
45.63,100.0,100.0,100.0,4.68,75.0,Deogarh,0,1,1,1,0,1,0.6666666666666666
92.86,,,,19.35,100.0,Dhenkanal,1,0,0,0,0,1,0.3333333333333333
100.0,100.0,100.0,100.0,100.0,100.0,Gajapati,1,1,1,1,1,1,1.0
37.5,0.0,,,41.87,79.28,Ganjam,0,0,0,0,0,1,0.16666666666666666
66.2,100.0,100.0,75.0,22.02,54.21,Jagatsinghapur,1,1,1,1,0,1,0.8333333333333334
80.97,100.0,100.0,100.0,48.45,42.22,Jajapur,1,1,1,1,0,0,0.6666666666666666
30.92,0.0,,,71.35,29.88,Jharsuguda,0,0,0,0,1,0,0.16666666666666666
55.98,54.05,90.63,84.38,1.1,44.46,Kalahandi,1,1,1,1,0,0,0.6666666666666666
0.08,0.0,0.08,0.08,0.08,0.9,Kandhamal,0,0,0,0,0,0,0.0
84.4,0.0,,,33.54,96.33,Kendrapara,1,0,0,0,0,1,0.3333333333333333
6.49,73.17,15.38,15.38,5.59,1.79,Kendujhar,0,1,0,0,0,0,0.16666666666666666
83.69,75.0,100.0,100.0,68.32,96.62,Khordha,1,1,1,1,1,1,1.0
28.78,78.57,100.0,100.0,60.83,74.72,Koraput,0,1,1,1,1,1,0.8333333333333334
,,,,,100.0,Malkangiri,0,0,0,0,0,1,0.16666666666666666
11.39,100.0,100.0,100.0,7.27,1.11,Mayurbhanj,0,1,1,1,0,0,0.5
8.33,7.69,16.67,8.33,16.67,47.62,Nabarangpur,0,0,0,0,0,0,0.0
63.49,0.0,100.0,100.0,35.31,51.12,Nayagarh,1,0,1,1,0,1,0.6666666666666666
8.33,0.0,0.0,0.0,0.0,0.0,Nuapada,0,0,0,0,0,0,0.0
76.1,97.45,90.0,90.91,47.68,90.84,Puri,1,1,1,1,0,1,0.8333333333333334
67.11,97.56,92.59,83.95,85.4,72.8,Rayagada,1,1,1,1,1,1,1.0
40.83,87.5,100.0,100.0,16.7,38.44,Sambalpur,0,1,1,1,0,0,0.5
100.0,100.0,100.0,100.0,50.0,100.0,Sonepur,1,1,1,1,1,1,1.0
100.0,100.0,100.0,100.0,0.0,90.91,Sundargarh,1,1,1,1,0,1,0.8333333333333334
86.41,97.99,100.0,98.32,100.0,,Karaikal,1,1,1,1,1,0,0.8333333333333334
89.43,93.67,95.18,98.19,0.99,,Mahe,1,1,1,1,0,0,0.6666666666666666
94.98,84.98,99.16,98.05,0.29,100.0,Pondicherry,1,1,1,1,0,1,0.8333333333333334
74.27,88.91,99.85,45.83,0.0,82.91,Amritsar,1,1,1,0,0,1,0.6666666666666666
90.36,87.6,99.23,60.37,61.6,88.02,Barnala,1,1,1,1,1,1,1.0
88.98,75.44,97.27,62.65,81.82,93.47,Bathinda,1,1,1,1,1,1,1.0
90.06,86.95,98.82,54.94,,95.74,Faridkot,1,1,1,1,0,1,0.8333333333333334
92.56,92.27,99.35,54.64,0.0,88.0,Fatehgarh Sahib,1,1,1,1,0,1,0.8333333333333334
80.79,82.83,99.81,54.0,50.0,96.69,Fazilka,1,1,1,1,1,1,1.0
80.98,89.77,99.78,46.32,100.0,74.74,Firozepur,1,1,1,0,1,1,0.8333333333333334
92.26,89.82,99.4,51.8,100.0,82.77,Gurdaspur,1,1,1,1,1,1,1.0
83.06,90.35,99.55,53.45,0.0,87.12,Hoshiarpur,1,1,1,1,0,1,0.8333333333333334
89.89,91.37,98.97,64.99,3.8,78.65,Jalandhar,1,1,1,1,0,1,0.8333333333333334
88.55,92.5,99.72,33.82,,86.68,Kapurthala,1,1,1,0,0,1,0.6666666666666666
85.4,90.82,99.41,54.28,100.0,76.1,Ludhiana,1,1,1,1,1,1,1.0
91.44,90.46,99.82,72.66,,88.18,Mansa,1,1,1,1,0,1,0.8333333333333334
90.89,94.05,99.98,43.64,,87.4,Moga,1,1,1,0,0,1,0.6666666666666666
79.25,84.43,99.32,32.54,,93.97,Muktsar,1,1,1,0,0,1,0.6666666666666666
88.94,96.73,99.95,76.63,100.0,70.99,Nawanshahr,1,1,1,1,1,1,1.0
95.27,96.75,99.57,70.49,96.1,87.53,Pathankot,1,1,1,1,1,1,1.0
91.25,91.04,99.88,66.96,0.99,83.34,Patiala,1,1,1,1,0,1,0.8333333333333334
93.95,95.7,98.96,54.3,100.0,91.6,Rupnagar,1,1,1,1,1,1,1.0
80.51,82.81,99.39,56.36,,82.71,S.A.S Nagar,1,1,1,1,0,1,0.8333333333333334
90.91,89.5,99.85,60.88,3.29,88.62,Sangrur,1,1,1,1,0,1,0.8333333333333334
85.0,92.3,99.75,46.06,100.0,82.79,Tarn Taran,1,1,1,0,1,1,0.8333333333333334
59.16,65.75,98.01,91.35,0.0,79.15,Ajmer,1,1,1,1,0,1,0.8333333333333334
51.69,43.75,97.71,95.97,,89.65,Alwar,1,0,1,1,0,1,0.6666666666666666
29.26,40.46,87.08,90.44,,98.42,Banswara,0,0,1,1,0,1,0.5
79.39,81.21,99.41,94.36,,44.11,Baran,1,1,1,1,0,0,0.6666666666666666
27.94,25.77,92.8,91.48,,78.67,Barmer,0,0,1,1,0,1,0.5
37.93,78.29,96.47,99.12,,93.84,Bharatpur,0,1,1,1,0,1,0.6666666666666666
60.02,52.08,96.66,86.89,,97.61,Bhilwara,1,1,1,1,0,1,0.8333333333333334
29.09,6.35,67.84,41.62,,30.83,Bikaner,0,0,1,0,0,0,0.16666666666666666
72.42,61.01,99.45,96.02,,96.36,Bundi,1,1,1,1,0,1,0.8333333333333334
60.13,37.47,96.4,79.25,,94.78,Chittorgarh,1,0,1,1,0,1,0.6666666666666666
4.38,0.86,93.82,81.17,,70.73,Churu,0,0,1,1,0,1,0.5
64.41,64.43,92.27,86.21,,99.39,Dausa,1,1,1,1,0,1,0.8333333333333334
50.18,66.87,90.16,95.33,,90.14,Dholpur,1,1,1,1,0,1,0.8333333333333334
49.3,54.91,96.52,78.45,,94.73,Dungarpur,0,1,1,1,0,1,0.6666666666666666
40.02,52.93,95.02,96.2,,59.17,Ganganagar,0,1,1,1,0,1,0.6666666666666666
63.15,52.65,95.3,85.3,,88.41,Hanumangarh,1,1,1,1,0,1,0.8333333333333334
62.67,34.87,90.93,94.12,75.0,96.61,Jaipur,1,0,1,1,1,1,0.8333333333333334
1.01,4.36,97.69,99.76,,0.04,Jaisalmer,0,0,1,1,0,0,0.3333333333333333
41.11,39.04,97.58,91.82,,93.98,Jalore,0,0,1,1,0,1,0.5
72.53,73.24,99.79,97.78,,86.4,Jhalawar,1,1,1,1,0,1,0.8333333333333334
27.73,36.26,94.05,93.76,,86.11,Jhunjhunu,0,0,1,1,0,1,0.5
31.08,25.16,98.69,91.13,,99.23,Jodhpur,0,0,1,1,0,1,0.5
44.43,52.21,93.69,94.43,,76.39,Karauli,0,1,1,1,0,1,0.6666666666666666
81.56,83.86,97.04,90.56,,91.85,Kota,1,1,1,1,0,1,0.8333333333333334
21.85,21.17,97.78,95.14,,66.17,Nagaur,0,0,1,1,0,1,0.5
35.77,32.7,98.15,98.92,,92.68,Pali,0,0,1,1,0,1,0.5
75.46,63.71,91.04,94.14,,95.37,Pratapgarh,1,1,1,1,0,1,0.8333333333333334
41.53,18.03,89.69,89.65,,99.94,Rajsamand,0,0,1,1,0,1,0.5
41.22,67.34,97.75,95.24,,88.64,Sawai Madhopur,0,1,1,1,0,1,0.6666666666666666
60.16,45.93,94.22,90.71,,99.09,Sikar,1,0,1,1,0,1,0.6666666666666666
4.18,1.64,97.26,94.79,,84.67,Sirohi,0,0,1,1,0,1,0.5
66.03,56.71,97.95,93.99,,96.4,Tonk,1,1,1,1,0,1,0.8333333333333334
61.23,78.35,98.44,99.11,0.0,89.49,Udaipur,1,1,1,1,0,1,0.8333333333333334
31.51,98.99,73.09,98.87,29.21,99.19,Gangtok,0,1,1,1,0,1,0.6666666666666666
54.41,3.49,96.17,7.01,26.96,0.17,Gyalshing,1,0,1,0,0,0,0.3333333333333333
73.02,22.22,99.21,3.97,6.35,1.59,Mangan,1,0,1,0,0,0,0.3333333333333333
81.58,98.3,92.9,99.43,62.87,98.02,Namchi,1,1,1,1,1,1,1.0
95.15,75.73,99.55,88.3,86.15,55.34,Ariyalur,1,1,1,1,1,1,1.0
72.71,56.06,98.09,68.17,46.6,50.96,Coimbatore,1,1,1,1,0,1,0.8333333333333334
96.69,99.36,99.87,97.82,12.74,20.96,Cuddalore,1,1,1,1,0,0,0.6666666666666666
88.13,13.49,94.89,90.48,45.38,50.26,Dharmapuri,1,0,1,1,0,1,0.6666666666666666
79.92,49.69,95.2,65.22,19.0,54.36,Dindigul,1,0,1,1,0,1,0.6666666666666666
74.77,45.71,97.72,55.37,18.08,17.35,Erode,1,0,1,1,0,0,0.5
70.66,67.52,99.52,94.93,11.26,98.96,Kanchipuram,1,1,1,1,0,1,0.8333333333333334
80.52,92.82,97.01,87.85,27.63,77.25,Kanniyakumari,1,1,1,1,0,1,0.8333333333333334
87.22,22.25,99.88,81.82,87.28,31.53,Karur,1,0,1,1,1,0,0.6666666666666666
98.43,98.24,99.72,98.89,87.35,96.14,Krishnagiri,1,1,1,1,1,1,1.0
68.45,70.98,97.89,81.01,19.57,79.74,Madurai,1,1,1,1,0,1,0.8333333333333334
70.48,95.76,89.95,62.3,48.31,89.76,Nagapattinam,1,1,1,1,0,1,0.8333333333333334
46.2,49.77,92.6,67.69,5.7,55.22,Namakkal,0,0,1,1,0,1,0.5
42.0,2.51,99.1,69.55,6.54,13.99,Perambalur,0,0,1,1,0,0,0.3333333333333333
58.83,59.57,95.71,96.52,65.88,60.43,Pudukkottai,1,1,1,1,1,1,1.0
28.48,76.54,94.35,90.41,14.38,89.09,Ramanathapuram,0,1,1,1,0,1,0.6666666666666666
81.74,97.86,99.69,94.17,65.56,58.75,Salem,1,1,1,1,1,1,1.0
32.34,72.55,68.22,91.59,33.65,56.24,Sivaganga,0,1,1,1,0,1,0.6666666666666666
98.9,93.0,99.9,86.9,99.74,38.51,Thanjavur,1,1,1,1,1,0,0.8333333333333334
62.4,67.38,90.73,65.23,34.91,44.96,The Nilgiris,1,1,1,1,0,0,0.6666666666666666
33.96,28.28,97.02,49.28,78.35,63.16,Theni,0,0,1,0,1,1,0.5
62.94,59.6,90.96,10.85,48.4,65.17,Thiruvallur,1,1,1,0,0,1,0.6666666666666666
57.87,99.09,99.83,89.15,80.76,96.11,Thiruvarur,1,1,1,1,1,1,1.0
94.56,72.01,99.8,93.39,0.46,99.99,Tiruchirappalli,1,1,1,1,0,1,0.8333333333333334
61.16,86.4,98.38,98.45,58.43,89.4,Tirunelveli,1,1,1,1,1,1,1.0
89.43,74.75,99.51,65.3,80.83,87.95,Tiruppur,1,1,1,1,1,1,1.0
45.72,80.39,96.2,8.97,41.24,68.87,Tiruvannamalai,0,1,1,0,0,1,0.5
47.33,30.78,93.44,87.7,59.3,78.83,Tuticorin,0,0,1,1,1,1,0.6666666666666666
68.68,20.77,96.72,38.38,39.62,68.44,Vellore,1,0,1,0,0,1,0.5
71.24,38.26,99.32,92.89,14.43,43.35,Villupuram,1,0,1,1,0,0,0.5
23.35,32.7,83.04,85.94,56.03,75.5,Virudhunagar,0,0,1,1,1,1,0.6666666666666666
73.33,74.63,82.7,77.48,79.0,80.41,Adilabad,1,1,1,1,1,1,1.0
37.05,24.54,85.53,50.05,74.51,69.24,Bhadradri Kothagudem,0,0,1,1,1,1,0.6666666666666666
33.18,57.13,92.47,83.62,71.28,91.46,Hanumakonda,0,1,1,1,1,1,0.8333333333333334
0.0,0.0,0.0,0.0,0.0,0.0,Hyderabad,0,0,0,0,0,0,0.0
57.04,59.09,89.39,79.27,59.3,64.26,Jagitial,1,1,1,1,1,1,1.0
31.36,41.6,60.85,57.39,43.01,69.07,Jangoan,0,0,1,1,0,1,0.5
21.51,41.63,93.11,89.05,77.77,92.75,Jayashankar Bhupalapally,0,0,1,1,1,1,0.6666666666666666
56.89,40.57,74.89,45.42,74.5,57.41,Jogulamba Gadwal,1,0,1,0,1,1,0.6666666666666666
58.81,48.48,87.65,63.11,82.58,71.75,Kamareddy,1,0,1,1,1,1,0.8333333333333334
72.96,53.0,96.75,79.88,70.97,69.32,Karimnagar,1,1,1,1,1,1,1.0
37.79,24.67,82.2,57.16,72.34,83.16,Khammam,0,0,1,1,1,1,0.6666666666666666
73.21,79.11,97.03,91.66,85.19,93.95,Kumuram Bheem Asifabad,1,1,1,1,1,1,1.0
44.39,51.95,89.63,85.13,81.47,89.07,Mahabubabad,0,1,1,1,1,1,0.8333333333333334
73.95,63.37,94.86,83.08,82.65,85.89,Mahbubnagar,1,1,1,1,1,1,1.0
56.0,76.72,92.31,94.19,79.92,86.97,Mancherial,1,1,1,1,1,1,1.0
45.0,71.49,93.72,97.56,97.6,98.65,Medak,0,1,1,1,1,1,0.8333333333333334
63.64,26.75,91.6,52.0,96.87,74.36,Medchal Malkajgiri,1,0,1,1,1,1,0.8333333333333334
27.53,49.94,92.8,88.76,74.1,96.45,Mulugu,0,0,1,1,1,1,0.6666666666666666
70.66,59.57,81.64,69.89,72.84,83.13,Nagarkurnool,1,1,1,1,1,1,1.0
70.91,60.17,97.09,81.04,67.61,84.4,Nalgonda,1,1,1,1,1,1,1.0
76.15,68.56,92.91,82.95,82.77,88.94,Narayanapet,1,1,1,1,1,1,1.0
78.46,73.8,94.22,84.26,86.39,87.6,Nirmal,1,1,1,1,1,1,1.0
64.49,52.31,95.62,65.61,89.71,75.14,Nizamabad,1,1,1,1,1,1,1.0
70.6,57.93,97.36,81.41,77.74,70.69,Peddapalli,1,1,1,1,1,1,1.0
74.41,66.91,94.52,89.92,74.89,83.66,Rajanna Sircilla,1,1,1,1,1,1,1.0
77.02,49.29,88.12,73.72,76.72,57.05,Rangareddi,1,0,1,1,1,1,0.8333333333333334
81.6,75.51,99.11,91.85,95.92,95.7,Sangareddy,1,1,1,1,1,1,1.0
43.12,57.85,95.88,88.17,85.84,89.99,Siddipet,0,1,1,1,1,1,0.8333333333333334
75.69,55.17,97.6,80.97,75.88,88.43,Suryapet,1,1,1,1,1,1,1.0
53.83,54.61,84.07,77.06,80.46,78.02,Vikarabad,1,1,1,1,1,1,1.0
49.11,52.91,86.53,91.13,63.46,64.37,Wanaparthy,0,1,1,1,1,1,0.8333333333333334
58.49,64.64,96.1,91.59,73.12,94.98,Warangal,1,1,1,1,1,1,1.0
58.18,49.33,94.98,69.95,69.37,76.22,Yadadri Bhuvanagiri,1,0,1,1,1,1,0.8333333333333334
93.4,98.88,99.95,100.0,100.0,100.0,Dadra And Nagar Haveli,1,1,1,1,1,1,1.0
97.24,97.7,100.0,99.54,0.0,99.54,Daman,1,1,1,1,0,1,0.8333333333333334
46.67,10.67,67.57,56.34,37.33,82.67,Diu,0,0,1,1,0,1,0.5
78.27,97.53,99.08,97.46,78.85,93.7,Dhalai,1,1,1,1,1,1,1.0
72.99,99.68,98.66,99.74,79.82,92.54,Gomati,1,1,1,1,1,1,1.0
78.06,99.22,99.64,97.95,85.18,98.87,Khowai,1,1,1,1,1,1,1.0
72.95,99.46,98.63,98.53,70.43,92.71,North Tripura,1,1,1,1,1,1,1.0
85.28,98.71,99.7,98.47,88.18,96.29,Sepahijala,1,1,1,1,1,1,1.0
82.56,99.07,96.8,96.72,80.82,97.48,South Tripura,1,1,1,1,1,1,1.0
78.7,99.64,95.73,99.41,84.11,99.37,Unakoti,1,1,1,1,1,1,1.0
84.03,97.09,98.7,97.45,81.97,90.97,West Tripura,1,1,1,1,1,1,1.0
69.19,51.98,91.49,80.82,80.27,83.88,Agra,1,1,1,1,1,1,1.0
66.72,70.57,98.22,89.27,57.9,78.7,Aligarh,1,1,1,1,1,1,1.0
96.7,96.49,99.52,96.81,97.16,77.8,Allahabad,1,1,1,1,1,1,1.0
76.45,49.66,92.94,59.99,55.89,59.19,Ambedkar Nagar,1,0,1,1,1,1,0.8333333333333334
51.3,22.33,97.56,31.09,70.08,36.35,Amethi,1,0,1,0,1,0,0.5
72.01,73.7,90.06,82.13,59.69,57.33,Amroha,1,1,1,1,1,1,1.0
90.01,64.8,93.49,95.55,61.48,48.99,Auraiya,1,1,1,1,1,0,0.8333333333333334
57.91,4.17,70.56,35.32,56.78,75.64,Ayodhya,1,0,1,0,1,1,0.6666666666666666
36.0,56.23,99.26,96.99,37.29,5.6,Azamgarh,0,1,1,1,0,0,0.5
67.76,57.52,94.73,73.72,88.09,76.97,Baghpat,1,1,1,1,1,1,1.0
70.67,77.48,96.98,80.08,65.34,46.17,Bahraich,1,1,1,1,1,0,0.8333333333333334
86.73,85.14,99.78,95.95,95.7,27.05,Ballia,1,1,1,1,1,0,0.8333333333333334
97.02,94.0,98.63,97.76,54.41,84.91,Balrampur,1,1,1,1,1,1,1.0
64.24,27.19,88.12,44.08,45.89,71.36,Banda,1,0,1,0,0,1,0.5
55.48,54.13,85.11,79.67,29.38,45.94,Barabanki,1,1,1,1,0,0,0.6666666666666666
49.02,57.65,93.77,53.71,46.0,60.33,Bareilly,0,1,1,1,0,1,0.6666666666666666
5.01,94.13,99.88,87.94,38.03,26.44,Basti,0,1,1,1,0,0,0.5
65.4,76.12,94.5,96.62,95.35,59.57,Bhadohi,1,1,1,1,1,1,1.0
79.96,64.97,93.86,86.79,64.43,65.72,Bijnor,1,1,1,1,1,1,1.0
51.64,57.93,88.56,56.93,49.34,47.34,Budaun,1,1,1,1,0,0,0.6666666666666666
59.41,54.6,95.86,65.01,89.74,82.46,Bulandshahr,1,1,1,1,1,1,1.0
21.67,64.7,93.3,89.52,78.24,23.99,Chandauli,0,1,1,1,1,0,0.6666666666666666
67.42,11.32,91.08,69.69,35.08,90.61,Chitrakoot,1,0,1,1,0,1,0.6666666666666666
58.94,79.83,98.62,89.44,78.29,60.24,Deoria,1,1,1,1,1,1,1.0
78.94,77.3,98.6,95.92,73.44,91.23,Etah,1,1,1,1,1,1,1.0
89.95,98.18,99.03,99.58,35.46,96.8,Etawah,1,1,1,1,0,1,0.8333333333333334
57.18,70.43,89.7,88.75,43.74,41.93,Farrukhabad,1,1,1,1,0,0,0.6666666666666666
91.98,97.68,98.1,97.66,94.29,97.76,Fatehpur,1,1,1,1,1,1,1.0
40.82,81.62,82.17,94.89,79.08,69.84,Firozabad,0,1,1,1,1,1,0.8333333333333334
84.85,68.56,96.89,87.86,82.32,86.94,Gautam Buddha Nagar,1,1,1,1,1,1,1.0
78.64,79.5,96.57,93.11,39.98,83.98,Ghaziabad,1,1,1,1,0,1,0.8333333333333334
27.43,63.08,98.85,89.48,43.85,22.53,Ghazipur,0,1,1,1,0,0,0.5
93.55,81.11,98.32,82.78,31.68,64.87,Gonda,1,1,1,1,0,1,0.8333333333333334
60.28,74.0,98.93,87.4,70.72,66.73,Gorakhpur,1,1,1,1,1,1,1.0
66.38,67.04,94.59,79.97,3.08,73.13,Hamirpur,1,1,1,1,0,1,0.8333333333333334
52.51,65.15,96.17,83.79,68.67,63.04,Hapur,1,1,1,1,1,1,1.0
97.91,97.24,89.4,99.24,95.94,61.24,Hardoi,1,1,1,1,1,1,1.0
75.91,51.21,95.36,90.43,70.0,88.76,Hathras,1,1,1,1,1,1,1.0
77.67,75.09,99.18,91.31,89.15,75.84,Jalaun,1,1,1,1,1,1,1.0
62.81,72.25,97.19,93.33,14.89,15.34,Jaunpur,1,1,1,1,0,0,0.6666666666666666
86.45,77.07,98.5,90.78,86.83,85.81,Jhansi,1,1,1,1,1,1,1.0
79.27,75.05,97.45,97.36,67.64,62.19,Kannauj,1,1,1,1,1,1,1.0
81.95,78.3,98.48,99.3,86.19,39.97,Kanpur Dehat,1,1,1,1,1,0,0.8333333333333334
75.78,98.78,99.35,83.55,87.37,80.01,Kanpur Nagar,1,1,1,1,1,1,1.0
88.63,84.92,99.72,94.13,58.8,89.68,Kasganj,1,1,1,1,1,1,1.0
70.33,85.63,94.62,90.26,82.52,89.54,Kaushambi,1,1,1,1,1,1,1.0
99.52,94.95,99.77,94.67,93.13,72.01,Kheri,1,1,1,1,1,1,1.0
72.17,73.45,98.18,85.11,71.36,57.94,Kushi Nagar,1,1,1,1,1,1,1.0
68.78,94.58,99.09,90.12,96.72,47.78,Lalitpur,1,1,1,1,1,0,0.8333333333333334
94.44,97.53,99.81,98.8,63.52,90.08,Lucknow,1,1,1,1,1,1,1.0
67.11,94.09,95.42,97.67,62.74,78.21,Maharajganj,1,1,1,1,1,1,1.0
34.98,10.29,70.66,47.68,21.93,72.08,Mahoba,0,0,1,0,0,1,0.3333333333333333
64.64,60.78,85.73,87.58,77.15,89.38,Mainpuri,1,1,1,1,1,1,1.0
63.72,47.12,92.39,87.82,98.06,65.55,Mathura,1,0,1,1,1,1,0.8333333333333334
85.82,81.15,99.77,86.42,91.53,1.1,Mau,1,1,1,1,1,0,0.8333333333333334
75.15,74.1,98.81,87.52,86.52,78.47,Meerut,1,1,1,1,1,1,1.0
81.62,82.99,99.52,98.12,4.96,98.85,Mirzapur,1,1,1,1,0,1,0.8333333333333334
79.4,75.88,95.16,83.48,59.86,64.86,Moradabad,1,1,1,1,1,1,1.0
75.31,94.04,99.73,92.96,94.28,58.05,Muzaffarnagar,1,1,1,1,1,1,1.0
44.38,81.54,98.32,76.97,68.63,50.82,Pilibhit,0,1,1,1,1,1,0.8333333333333334
92.23,88.9,99.64,92.51,82.02,90.54,Pratapgarh,1,1,1,1,1,1,1.0
95.77,94.34,99.64,88.57,99.75,8.57,Rae Bareli,1,1,1,1,1,0,0.8333333333333334
74.4,68.39,92.82,73.96,53.34,70.62,Rampur,1,1,1,1,1,1,1.0
74.5,85.58,99.09,70.28,86.05,64.47,Saharanpur,1,1,1,1,1,1,1.0
74.88,66.89,94.77,61.99,43.73,65.66,Sambhal,1,1,1,1,0,1,0.8333333333333334
6.33,82.01,99.88,86.98,33.24,22.87,Sant Kabeer Nagar,0,1,1,1,0,0,0.5
55.22,57.88,96.56,55.5,50.23,53.42,Shahjahanpur,1,1,1,1,1,1,1.0
82.12,86.38,99.84,87.67,93.0,72.63,Shamli,1,1,1,1,1,1,1.0
90.08,50.14,98.58,87.59,68.18,81.96,Shravasti,1,1,1,1,1,1,1.0
12.05,81.56,99.7,65.39,27.38,15.78,Siddharth Nagar,0,1,1,1,0,0,0.5
85.04,90.44,98.29,85.69,88.08,84.12,Sitapur,1,1,1,1,1,1,1.0
79.57,93.7,99.98,99.42,17.56,99.41,Sonbhadra,1,1,1,1,0,1,0.8333333333333334
91.88,74.31,94.52,88.47,29.78,67.77,Sultanpur,1,1,1,1,0,1,0.8333333333333334
95.81,91.8,99.51,95.58,95.5,97.54,Unnao,1,1,1,1,1,1,1.0
47.66,81.62,98.81,88.37,45.84,32.82,Varanasi,0,1,1,1,0,0,0.5
97.83,92.94,72.42,96.45,88.71,96.15,Almora,1,1,1,1,1,1,1.0
97.15,98.95,99.49,97.34,95.83,87.87,Bageshwar,1,1,1,1,1,1,1.0
91.27,91.89,96.74,68.22,66.05,92.15,Chamoli,1,1,1,1,1,1,1.0
94.31,95.0,95.04,96.27,84.74,74.11,Champawat,1,1,1,1,1,1,1.0
94.74,97.35,96.85,89.46,75.23,81.31,Dehradun,1,1,1,1,1,1,1.0
69.09,77.4,89.02,82.81,30.5,61.36,Haridwar,1,1,1,1,0,1,0.8333333333333334
86.87,61.06,76.62,58.01,98.51,93.24,Nainital,1,1,1,1,1,1,1.0
87.5,85.84,87.34,85.26,85.07,91.55,Pauri Garhwal,1,1,1,1,1,1,1.0
86.34,95.78,95.75,92.68,50.69,79.32,Pithoragarh,1,1,1,1,1,1,1.0
89.96,81.21,97.7,68.18,69.07,93.96,Rudra Prayag,1,1,1,1,1,1,1.0
88.33,89.76,94.81,87.5,75.0,54.3,Tehri Garhwal,1,1,1,1,1,1,1.0
77.31,84.46,90.15,79.85,28.54,76.53,Udam Singh Nagar,1,1,1,1,0,1,0.8333333333333334
94.9,95.06,96.75,87.52,63.44,39.82,Uttar Kashi,1,1,1,1,1,0,0.8333333333333334
90.91,100.0,100.0,90.91,90.91,100.0,24 Paraganas North,1,1,1,1,1,1,1.0
93.95,100.0,98.63,97.06,78.52,22.07,Birbhum,1,1,1,1,1,0,0.8333333333333334
100.0,100.0,100.0,84.81,100.0,62.5,Kalimpong,1,1,1,1,1,1,1.0
98.56,93.78,97.61,68.6,81.34,44.98,Maldah,1,1,1,1,1,0,0.8333333333333334
96.36,99.59,100.0,94.31,87.85,36.84,Murshidabad,1,1,1,1,1,0,0.8333333333333334
86.96,97.83,100.0,77.17,71.74,22.83,Nadia,1,1,1,1,1,0,0.8333333333333334
